Dependents,ApplicantIncome,CoapplicantIncome,Loan_Amount_Term,Loan_Status_N,Education_N,LoanAmount
0.0,0.2777696544329093,0.0,0.7435897435897436,1.0,0.0,0.34579439252336447
0.3333333333333333,0.2160647268119121,0.16792873051224944,0.7435897435897436,0.0,0.0,0.3707165109034268
0.0,0.1389091972510601,0.0,0.7435897435897436,1.0,0.0,0.17757009345794392
0.0,0.11858458839011553,0.2625835189309577,0.7435897435897436,1.0,1.0,0.34579439252336447
0.0,0.28512940488375493,0.0,0.7435897435897436,1.0,0.0,0.411214953271028
0.6666666666666666,0.25671394453380125,0.467260579064588,0.7435897435897436,1.0,0.0,0.8037383177570093
0.0,0.10639957108739094,0.1688195991091314,0.7435897435897436,1.0,1.0,0.26791277258566976
1.0,0.14066383974265245,0.2788418708240535,0.7435897435897436,0.0,0.0,0.46417445482866043
0.6666666666666666,0.18794170687722378,0.16993318485523387,0.7435897435897436,1.0,0.0,0.49532710280373826
0.6666666666666666,0.14865721109323976,0.0779510022271715,0.7435897435897436,1.0,0.0,0.19003115264797507
0.6666666666666666,0.11453916264561095,0.20489977728285078,0.7435897435897436,1.0,0.0,0.3115264797507788
0.6666666666666666,0.14246722230345568,0.9026726057906459,0.7435897435897436,1.0,0.0,0.5950155763239875
0.0,0.08300433786615977,0.31625835189309576,0.7435897435897436,0.0,0.0,0.32710280373831774
0.6666666666666666,0.05600233952332212,0.12093541202672606,0.2307692307692308,1.0,0.0,0.024922118380062305
0.0,0.23395233221231176,0.0,0.7435897435897436,1.0,0.0,0.3613707165109034
0.3333333333333333,0.16795827850075548,0.0,0.4871794871794872,1.0,1.0,0.2834890965732087
0.0,0.16376663254861823,0.0,0.7435897435897436,0.0,0.0,0.2087227414330218
0.0,0.23088170785202516,0.0,0.7435897435897436,0.0,1.0,0.3862928348909657
0.0,0.1194131695667008,0.3897550111358575,0.7435897435897436,1.0,0.0,0.3302180685358255
0.0,0.3660379197738461,0.0,0.7435897435897436,0.0,1.0,0.29595015576323985
0.3333333333333333,0.28293610176926454,0.626391982182628,0.7435897435897436,1.0,0.0,0.9532710280373832
0.0,0.1194131695667008,0.21280623608017818,0.7435897435897436,0.0,1.0,0.3333333333333333
0.6666666666666666,0.15669932251303798,0.21347438752783965,0.7435897435897436,0.0,1.0,0.32087227414330216
0.3333333333333333,0.17385582687527418,0.3257238307349666,0.7435897435897436,0.0,0.0,0.4423676012461059
0.0,0.4586440512745528,0.0,0.7435897435897436,1.0,0.0,0.5669781931464174
0.0,0.12911244333966956,0.250890868596882,0.7435897435897436,1.0,0.0,0.35202492211838005
0.6666666666666666,0.1986645221036214,0.11581291759465479,0.7435897435897436,1.0,1.0,0.3146417445482866
0.0,0.06297216942048058,0.0,0.7435897435897436,0.0,1.0,0.08099688473520249
0.6666666666666666,0.17546424915923384,0.2319599109131403,0.7435897435897436,1.0,0.0,0.34579439252336447
0.3333333333333333,0.19574011795096752,0.37516703786191535,0.7435897435897436,0.0,0.0,0.5981308411214953
0.0,0.14704878880928013,0.0,0.7435897435897436,0.0,0.0,0.20249221183800623
0.3333333333333333,0.2213773943559,0.0,0.7435897435897436,0.0,0.0,0.30218068535825543
0.0,0.16327923185650925,0.1856347438752784,0.7435897435897436,1.0,0.0,0.32710280373831774
1.0,0.6019398547545938,0.33407572383073497,0.7435897435897436,0.0,0.0,0.9688473520249221
0.0,0.10357264707315884,0.2301781737193764,0.7435897435897436,1.0,0.0,0.34579439252336447
0.0,0.08178583613588732,0.14810690423162584,0.7435897435897436,0.0,0.0,0.2834890965732087
0.0,0.17141882341472928,0.16247216035634746,0.7435897435897436,1.0,0.0,0.4205607476635514
0.0,0.19574011795096752,0.8028953229398664,0.7435897435897436,1.0,0.0,0.5451713395638629
0.0,0.17536676902081202,0.18574610244988865,0.7435897435897436,1.0,1.0,0.3146417445482866
0.0,0.16815323877759908,0.0,0.7435897435897436,0.0,0.0,0.22118380062305296
0.0,0.08042111419798216,0.13507795100222716,0.7435897435897436,1.0,0.0,0.11838006230529594
0.0,0.10966515572452112,0.0,0.7435897435897436,1.0,0.0,0.205607476635514
0.0,0.1847736023785154,0.2601336302895323,0.7435897435897436,1.0,0.0,0.3894080996884735
0.0,0.2215236145635327,0.0,0.7435897435897436,1.0,1.0,0.27102803738317754
0.0,0.1588926256275284,0.0,0.7435897435897436,1.0,0.0,0.24610591900311524
0.3333333333333333,0.26802164059072964,0.0,0.7435897435897436,1.0,0.0,0.10903426791277257
0.0,0.27640493249500414,0.0,0.7435897435897436,1.0,0.0,0.4205607476635514
0.0,0.12160647268119122,0.3830734966592428,0.7435897435897436,0.0,0.0,0.34579439252336447
0.0,0.1876492664619584,0.25334075723830735,0.7435897435897436,1.0,0.0,0.4205607476635514
0.0,0.08665984305697715,0.18307349665924277,0.7435897435897436,1.0,1.0,0.2834890965732087
0.0,0.14310084320319735,0.0,0.7435897435897436,1.0,0.0,0.34579439252336447
0.0,0.198859482380465,0.0,0.7435897435897436,0.0,0.0,0.32087227414330216
0.6666666666666666,0.21767314909587174,0.0,0.7435897435897436,0.0,0.0,0.3894080996884735
0.3333333333333333,0.5531997855436955,0.0,0.7435897435897436,0.0,0.0,0.8629283489096573
0.6666666666666666,0.1246770970414778,0.12995545657015592,0.7435897435897436,1.0,0.0,0.27414330218068533
0.0,0.09660281717600039,0.17717149220489978,0.7435897435897436,1.0,0.0,0.27102803738317754
0.0,0.15674806258224888,0.24498886414253898,0.7435897435897436,0.0,0.0,0.3925233644859813
0.3333333333333333,0.38650874884242337,0.2505567928730512,0.7435897435897436,1.0,0.0,0.5327102803738317
0.6666666666666666,0.1563094019593508,0.3183741648106904,0.7435897435897436,1.0,1.0,0.4205607476635514
0.0,0.11453916264561095,0.42271714922049,0.7435897435897436,1.0,0.0,0.34579439252336447
1.0,0.14032265925817616,0.0,0.7435897435897436,1.0,0.0,0.2803738317757009
0.0,0.11985183018959887,0.38407572383073496,0.358974358974359,0.0,1.0,0.4859813084112149
0.3333333333333333,0.23370863186625726,0.0,0.7435897435897436,0.0,0.0,0.34579439252336447
0.0,0.19574011795096752,0.0,0.7435897435897436,0.0,0.0,0.3333333333333333
0.0,0.2717746259199688,0.5116926503340757,0.7435897435897436,0.0,0.0,0.7757009345794392
0.0,0.14865721109323976,0.25100222717149223,0.358974358974359,0.0,1.0,0.3644859813084112
0.3333333333333333,0.5166447336355218,0.0,0.7435897435897436,1.0,0.0,0.9439252336448598
1.0,0.3387434810157431,0.0,0.10256410256410257,1.0,1.0,0.3613707165109034
0.0,0.20227128722522789,0.0,0.7435897435897436,0.0,0.0,0.3956386292834891
0.0,0.14904713164692696,0.34142538975501113,0.7435897435897436,1.0,0.0,0.5077881619937694
0.6666666666666666,0.08407661938879954,0.20879732739420936,0.7435897435897436,1.0,1.0,0.27414330218068533
0.0,0.16327923185650925,0.0,0.6153846153846154,1.0,0.0,0.22429906542056072
1.0,0.2244480187161866,0.0,0.7435897435897436,0.0,1.0,0.26791277258566976
1.0,0.24935419408295562,0.19755011135857461,0.7435897435897436,1.0,0.0,0.5545171339563862
0.0,0.17546424915923384,0.0,1.0000000000000002,0.0,0.0,0.32398753894080995
0.0,0.17546424915923384,0.5289532293986637,0.7435897435897436,0.0,0.0,0.5202492211838006
0.3333333333333333,0.04142905882926354,0.33652561247216034,0.7435897435897436,0.0,0.0,0.3146417445482866
1.0,0.14704878880928013,0.44543429844098,0.6153846153846154,0.0,0.0,0.5327102803738317
1.0,0.15513964029828925,0.24120267260579065,0.7435897435897436,1.0,1.0,0.37694704049844235
0.0,0.18014329580348007,0.0,0.7435897435897436,1.0,0.0,0.3177570093457944
0.3333333333333333,0.10942145537846663,0.0,0.7435897435897436,1.0,0.0,0.34579439252336447
0.6666666666666666,0.05985280499098308,0.20946547884187083,0.7435897435897436,0.0,0.0,0.4922118380062305
0.0,0.28512940488375493,0.2505567928730512,0.7435897435897436,0.0,0.0,0.7975077881619937
0.3333333333333333,0.1870643856314276,0.0,0.4871794871794872,1.0,0.0,0.1277258566978193
0.0,0.10800799337135059,0.28184855233853007,0.7435897435897436,1.0,0.0,0.3956386292834891
0.6666666666666666,0.15513964029828925,0.22271714922049,0.7435897435897436,1.0,1.0,0.2803738317757009
0.0,0.11453916264561095,0.2358574610244989,0.7435897435897436,1.0,0.0,0.29595015576323985
0.0,0.41019642247891996,0.0,0.7435897435897436,1.0,0.0,0.6261682242990654
0.0,0.270263683774431,0.46403118040089086,0.7435897435897436,1.0,0.0,0.5171339563862928
0.0,0.1368621143442024,0.3229398663697105,0.7435897435897436,1.0,0.0,0.38006230529595014
0.6666666666666666,0.2973144221864795,0.6296213808463252,0.358974358974359,1.0,0.0,0.557632398753894
0.6666666666666666,0.15221523614563534,0.2026726057906459,0.7435897435897436,1.0,1.0,0.22429906542056072
0.0,0.19413169566700786,0.0,0.7435897435897436,1.0,0.0,0.35202492211838005
0.0,0.16912804016181704,0.0,0.2307692307692308,1.0,1.0,0.0498442367601246
0.0,0.3232441390066774,0.0,0.7435897435897436,0.0,0.0,0.34579439252336447
0.0,0.11375932153823659,0.256347438752784,0.7435897435897436,1.0,0.0,0.3987538940809969
0.0,0.08904810644831115,0.11102449888641426,0.7435897435897436,1.0,0.0,0.1277258566978193
0.0,0.19681239947360726,0.0,0.358974358974359,1.0,1.0,0.3302180685358255
0.0,0.07842277136033533,0.3943207126948775,0.7435897435897436,1.0,0.0,0.38006230529595014
0.6666666666666666,0.2016864063946971,0.3633630289532294,0.358974358974359,1.0,1.0,0.3862928348909657
0.0,0.22873714480674565,0.42383073496659246,0.7435897435897436,1.0,0.0,0.4423676012461059
0.0,0.6579909343471269,0.0,0.7435897435897436,1.0,0.0,0.34579439252336447
0.0,0.21942779158746406,0.3989977728285078,0.7435897435897436,1.0,0.0,0.34579439252336447
0.0,0.1786810937271531,0.08396436525612472,0.7435897435897436,1.0,0.0,0.470404984423676
0.3333333333333333,0.14144368085002682,0.11469933184855234,0.7435897435897436,1.0,0.0,0.2834890965732087
0.6666666666666666,0.5491543597991909,0.12538975501113586,0.7435897435897436,1.0,0.0,0.6728971962616822
0.0,0.3500999171418824,0.0,0.7435897435897436,0.0,1.0,0.34579439252336447
0.6666666666666666,0.17790125261977874,0.40089086859688194,0.7435897435897436,0.0,0.0,0.6448598130841121
1.0,0.0936296729541356,0.08396436525612472,1.0000000000000002,1.0,1.0,0.26479750778816197
0.0,0.25179119754350054,0.0,0.7435897435897436,1.0,0.0,0.3956386292834891
0.0,0.13544865233708633,0.2597995545657016,0.7435897435897436,1.0,0.0,0.40498442367601245
0.0,0.16678851683969392,0.4581291759465479,0.7435897435897436,0.0,1.0,0.4454828660436137
0.3333333333333333,0.3558512453087684,0.0,0.7435897435897436,1.0,0.0,0.34579439252336447
0.0,0.2388263391334016,0.0,0.7435897435897436,1.0,0.0,0.3395638629283489
0.3333333333333333,0.7034654189208949,0.0,0.358974358974359,1.0,0.0,0.5482866043613707
0.0,0.14704878880928013,0.2542316258351893,0.7435897435897436,1.0,0.0,0.4517133956386293
0.3333333333333333,0.10059950285129406,0.1556792873051225,0.7435897435897436,1.0,0.0,0.23676012461059187
0.0,0.2640736949846469,0.23853006681514477,0.7435897435897436,0.0,0.0,0.5171339563862928
0.0,0.4999756299653946,0.0,0.7435897435897436,1.0,0.0,0.778816199376947
0.0,0.26889896183652584,0.2969933184855234,0.7435897435897436,1.0,0.0,0.5327102803738317
0.0,0.19574011795096752,0.0,0.7435897435897436,1.0,0.0,0.10903426791277257
0.0,0.09684651752205488,1.0,0.7435897435897436,1.0,0.0,0.3987538940809969
0.6666666666666666,0.1368133742749915,0.0,0.7435897435897436,1.0,0.0,0.22429906542056072
0.0,0.20227128722522789,0.2242761692650334,0.7435897435897436,1.0,1.0,0.5763239875389408
0.0,0.1726373251450017,0.0,0.7435897435897436,1.0,0.0,0.2616822429906542
0.0,0.18106935711848712,0.18262806236080179,0.7435897435897436,1.0,0.0,0.34579439252336447
0.3333333333333333,0.5050933372325389,0.4287305122494432,0.358974358974359,0.0,0.0,0.470404984423676
0.0,0.28902861042062683,0.2860801781737194,0.7435897435897436,0.0,0.0,0.5389408099688473
0.0,0.0908514890091144,0.2148106904231626,0.7435897435897436,1.0,0.0,0.20249221183800623
0.0,0.1251644977335868,0.0,0.7435897435897436,1.0,0.0,0.19003115264797507
0.0,0.16128088901886242,0.0,0.2307692307692308,1.0,0.0,0.0498442367601246
0.0,0.23127162840571236,0.0,0.7435897435897436,1.0,0.0,0.2897196261682243
1.0,0.1876492664619584,0.8630289532293987,0.7435897435897436,0.0,0.0,0.8753894080996885
0.0,0.2160647268119121,0.0,0.7435897435897436,0.0,0.0,0.23364485981308408
0.6666666666666666,0.15431105912170398,0.3897550111358575,0.7435897435897436,1.0,0.0,0.24610591900311524
0.0,0.7237412877126286,0.0,0.7435897435897436,0.0,0.0,0.7258566978193146
0.6666666666666666,0.19739728030413806,0.15924276169265034,0.7435897435897436,0.0,1.0,0.37383177570093457
0.6666666666666666,0.2384364185797144,0.2319599109131403,0.7435897435897436,0.0,0.0,0.5482866043613707
0.0,0.25671394453380125,0.0,0.7435897435897436,1.0,0.0,0.49532710280373826
0.0,0.3314324706341083,0.0,0.358974358974359,1.0,0.0,0.5171339563862928
0.0,0.12418969634936881,0.22650334075723833,0.7435897435897436,1.0,0.0,0.35202492211838005
0.6666666666666666,0.5657259833308964,0.0,0.358974358974359,1.0,0.0,0.5545171339563862
0.0,0.10625335087975825,0.49955456570155904,0.7435897435897436,1.0,0.0,0.2834890965732087
0.6666666666666666,0.7172588585075791,0.0,0.7435897435897436,1.0,0.0,0.19003115264797507
0.3333333333333333,0.06765121606472681,0.15868596881959912,0.7435897435897436,1.0,0.0,0.06542056074766354
0.0,0.48008968172734806,0.18552338530066817,0.7435897435897436,0.0,0.0,0.6728971962616822
0.0,0.22956572598333091,0.09242761692650335,0.7435897435897436,1.0,0.0,0.3613707165109034
0.0,0.29863040405517377,0.0,0.7435897435897436,0.0,0.0,0.3395638629283489
0.0,0.11829214797485012,0.41759465478841873,0.7435897435897436,1.0,0.0,0.4454828660436137
0.0,0.43944046400545894,0.0,0.7435897435897436,0.0,0.0,0.7320872274143302
0.6666666666666666,0.10386508748842424,0.0,0.7435897435897436,0.0,1.0,0.32398753894080995
0.0,0.1512891748306283,0.0,0.7435897435897436,1.0,0.0,0.1277258566978193
0.3333333333333333,0.28512940488375493,0.0,0.7435897435897436,1.0,0.0,0.470404984423676
0.3333333333333333,0.45757176975191305,0.0,0.7435897435897436,1.0,0.0,0.5545171339563862
0.0,0.13793439586684214,0.2319599109131403,0.7435897435897436,1.0,0.0,0.34579439252336447
0.0,0.2160647268119121,0.626391982182628,0.7435897435897436,1.0,0.0,0.7663551401869159
0.0,0.08349173855826875,0.11592427616926504,0.7435897435897436,1.0,1.0,0.2772585669781931
0.0,0.37934395866842135,0.0,0.7435897435897436,0.0,0.0,0.8286604361370716
0.3333333333333333,0.14324706341083007,0.14253897550111358,0.7435897435897436,0.0,0.0,0.34890965732087226
0.6666666666666666,0.1957888580201784,0.1611358574610245,0.7435897435897436,1.0,0.0,0.46417445482866043
0.0,0.44709265487156996,0.0,0.358974358974359,1.0,0.0,0.205607476635514
0.0,0.1733684261831652,0.35256124721603566,0.7435897435897436,1.0,0.0,0.5389408099688473
0.0,0.2160647268119121,0.0,0.7435897435897436,0.0,0.0,0.32087227414330216
0.0,0.11156601842374617,0.37115812917594654,0.7435897435897436,1.0,0.0,0.37383177570093457
0.0,0.10172052444314471,0.0,1.0000000000000002,0.0,0.0,0.16822429906542055
0.6666666666666666,0.3826095433055515,0.0,0.7435897435897436,1.0,0.0,0.5950155763239875
0.0,0.08139591558220012,0.1969933184855234,0.7435897435897436,1.0,1.0,0.26791277258566976
1.0,0.16435151337914902,0.0,0.358974358974359,0.0,1.0,0.22429906542056072
0.0,0.27089730467417267,0.626391982182628,0.7435897435897436,1.0,0.0,0.5545171339563862
0.0,0.2044158502705074,0.08195991091314031,0.7435897435897436,0.0,1.0,0.24299065420560745
0.0,0.16313301164887656,0.21870824053452118,0.7435897435897436,1.0,0.0,0.3333333333333333
0.6666666666666666,0.09236243115465224,0.18028953229398664,0.7435897435897436,1.0,0.0,0.2866043613707165
0.3333333333333333,0.17546424915923384,0.0,0.7435897435897436,1.0,0.0,0.3333333333333333
0.0,0.10639957108739094,0.16158129175946548,1.0000000000000002,0.0,1.0,0.2897196261682243
0.3333333333333333,0.30462543256811425,0.8073496659242761,0.7435897435897436,0.0,0.0,0.5327102803738317
0.0,0.08607496222644637,0.5638084632516704,0.7435897435897436,0.0,0.0,0.1806853582554517
0.0,0.21689330798849737,0.0,0.358974358974359,1.0,0.0,0.19937694704049844
0.0,0.16937174050787154,0.0,0.7435897435897436,1.0,0.0,0.308411214953271
0.3333333333333333,0.0988448603597017,0.0,0.6153846153846154,0.0,0.0,0.17757009345794392
0.0,0.10883657454793585,0.23808463251670378,0.7435897435897436,1.0,0.0,0.1526479750778816
0.0,0.025539796266510702,0.5897550111358575,0.7435897435897436,1.0,0.0,0.49532710280373826
0.0,0.44733635521762444,0.0,0.358974358974359,1.0,0.0,0.557632398753894
0.0,0.23078422771360338,0.0,0.7435897435897436,1.0,1.0,0.12149532710280372
0.0,0.5775698201491446,0.0,0.7435897435897436,0.0,0.0,0.4828660436137071
0.0,0.2867378271677146,0.0,0.7435897435897436,0.0,1.0,0.470404984423676
0.0,0.18072817663401083,0.0,0.7435897435897436,1.0,0.0,0.2087227414330218
0.0,0.19695861968123995,0.0,0.7435897435897436,1.0,0.0,0.34579439252336447
0.3333333333333333,0.1450017059024224,0.28763919821826284,0.7435897435897436,0.0,0.0,0.5015576323987538
0.0,0.3988399863527807,0.41759465478841873,0.7435897435897436,1.0,0.0,0.5545171339563862
0.0,0.08563630160354828,0.2633630289532294,0.7435897435897436,1.0,1.0,0.34579439252336447
0.0,0.1591850660427938,0.3135857461024499,0.7435897435897436,1.0,0.0,0.32398753894080995
0.0,0.5288297509382464,0.0,0.7435897435897436,0.0,0.0,0.2305295950155763
0.3333333333333333,0.1194131695667008,0.27839643652561247,0.7435897435897436,1.0,1.0,0.2523364485981308
0.6666666666666666,0.23263635034361752,0.0,0.7435897435897436,1.0,0.0,0.4890965732087227
1.0,0.1872593459082712,0.0,0.358974358974359,0.0,1.0,0.34579439252336447
0.3333333333333333,0.16327923185650925,0.12060133630289532,0.7435897435897436,1.0,1.0,0.3925233644859813
0.6666666666666666,0.18360384071745384,0.0,0.7435897435897436,1.0,1.0,0.3582554517133956
0.0,0.20753521470000488,0.0,0.7435897435897436,1.0,1.0,0.34579439252336447
0.0,0.1508017741385193,0.0,0.7435897435897436,1.0,0.0,0.22118380062305296
0.0,0.18643076473168593,0.28184855233853007,0.7435897435897436,1.0,1.0,0.14330218068535824
0.0,0.1135156211921821,0.0,0.7435897435897436,1.0,0.0,0.1557632398753894
0.0,0.1592825461812156,0.0,0.7435897435897436,0.0,0.0,0.367601246105919
0.0,0.48008968172734806,0.0,0.7435897435897436,0.0,0.0,0.6386292834890965
1.0,0.15986742701174636,0.13919821826280623,0.7435897435897436,0.0,0.0,0.3707165109034268
0.3333333333333333,0.3722279085636302,0.0,0.7435897435897436,1.0,0.0,0.719626168224299
1.0,0.2706536043281182,0.0,0.7435897435897436,1.0,1.0,0.37694704049844235
0.0,0.1473412292245455,0.33641425389755014,0.7435897435897436,1.0,0.0,0.3987538940809969
1.0,0.18033825608032364,0.10946547884187083,0.7435897435897436,1.0,1.0,0.2834890965732087
0.0,0.0,0.20044543429844097,0.7435897435897436,0.0,0.0,0.3925233644859813
0.0,0.17434322756738316,0.19766146993318487,0.7435897435897436,1.0,0.0,0.38006230529595014
0.6666666666666666,0.23638933567285667,0.0,0.7435897435897436,0.0,0.0,0.19626168224299065
0.6666666666666666,0.20144270604864262,0.2653674832962138,0.7435897435897436,1.0,0.0,0.367601246105919
0.0,0.10094068333577033,0.0,0.7435897435897436,0.0,0.0,0.1588785046728972
0.6666666666666666,0.18808792708485647,0.19120267260579066,0.7435897435897436,1.0,0.0,0.3333333333333333
0.0,0.13749573524394407,0.31080178173719375,0.7435897435897436,1.0,0.0,0.4205607476635514
0.0,0.36204123409855243,0.11247216035634744,0.7435897435897436,1.0,0.0,0.5171339563862928
0.0,0.2973144221864795,0.0,0.7435897435897436,1.0,0.0,0.3707165109034268
0.0,0.1510942145537847,0.0,0.7435897435897436,0.0,0.0,0.5015576323987538
0.0,0.22347321733196862,0.0,0.7435897435897436,0.0,1.0,0.40186915887850466
0.6666666666666666,0.2973144221864795,0.18875278396436526,0.7435897435897436,1.0,0.0,0.6261682242990654
0.0,0.2245942389238193,0.0,1.0000000000000002,1.0,0.0,0.46417445482866043
0.0,0.30462543256811425,0.0,0.7435897435897436,1.0,0.0,0.5950155763239875
0.3333333333333333,0.11410050202271288,0.2287305122494432,0.7435897435897436,1.0,0.0,0.29595015576323985
0.0,0.17380708680606327,0.0,0.358974358974359,1.0,0.0,0.10280373831775699
0.0,0.1481210703319199,0.2893095768374165,0.7435897435897436,1.0,1.0,0.34579439252336447
0.0,0.3988399863527807,0.0,0.7435897435897436,1.0,0.0,0.8442367601246106
0.3333333333333333,0.14646390797874934,0.19810690423162583,0.7435897435897436,1.0,0.0,0.40809968847352024
0.3333333333333333,0.2607593702783058,0.1403118040089087,0.7435897435897436,1.0,0.0,0.5015576323987538
0.0,0.2727494273041868,0.0,0.7435897435897436,0.0,0.0,0.7663551401869159
0.0,0.16147584929570602,0.0,0.7435897435897436,1.0,0.0,0.35202492211838005
0.3333333333333333,0.17848613345030953,0.0,0.7435897435897436,1.0,0.0,0.32087227414330216
0.3333333333333333,0.15426231905249307,0.0,0.7435897435897436,1.0,0.0,0.27102803738317754
0.6666666666666666,0.2763074523565824,0.5567928730512249,0.7435897435897436,1.0,0.0,0.34579439252336447
0.3333333333333333,0.11502656333771995,0.2208240534521158,0.358974358974359,0.0,1.0,0.40809968847352024
0.0,0.13720329482867868,0.6348552338530067,0.10256410256410257,1.0,0.0,0.45482866043613707
0.6666666666666666,0.2973144221864795,0.1447661469933185,0.7435897435897436,1.0,0.0,0.308411214953271
0.0,0.1586976653506848,0.4918708240534521,0.7435897435897436,1.0,1.0,0.35514018691588783
0.0,0.28756640834429986,0.48251670378619155,0.358974358974359,0.0,0.0,0.34579439252336447
0.6666666666666666,0.4656138811717113,0.0,0.7435897435897436,1.0,0.0,0.32087227414330216
0.3333333333333333,0.3147633669639811,0.0,0.358974358974359,1.0,1.0,0.3987538940809969
0.3333333333333333,0.13315786908417412,0.2052338530066815,1.0000000000000002,1.0,0.0,0.35514018691588783
0.0,0.08085977482088025,0.20801781737193764,0.7435897435897436,1.0,0.0,0.2523364485981308
0.0,0.07398742506214359,0.43318485523385303,0.7435897435897436,0.0,1.0,0.5981308411214953
0.6666666666666666,0.15972120680411367,0.0,0.7435897435897436,0.0,0.0,0.40186915887850466
0.0,0.11858458839011553,0.2413140311804009,0.7435897435897436,1.0,1.0,0.29595015576323985
0.3333333333333333,0.12238631378856558,0.7907572383073497,0.358974358974359,1.0,1.0,0.8411214953271028
0.0,0.7847151142954624,0.0,0.7435897435897436,0.0,0.0,0.5700934579439252
1.0,0.14295462299556466,0.0,0.7435897435897436,1.0,0.0,0.7663551401869159
0.0,0.2873227079982454,0.0,0.7435897435897436,0.0,1.0,0.3302180685358255
1.0,0.24857435297558123,0.0,0.7435897435897436,0.0,0.0,0.26479750778816197
0.0,0.7083394258419847,0.23385300668151449,0.7435897435897436,0.0,0.0,0.9190031152647975
1.0,0.23302627089730468,0.0,0.7435897435897436,0.0,1.0,0.3707165109034268
0.3333333333333333,0.2891748306282595,0.47327394209354123,0.7435897435897436,1.0,0.0,0.9999999999999999
0.0,0.09309353219281571,0.24599109131403119,0.7435897435897436,1.0,0.0,0.3894080996884735
0.3333333333333333,0.1623531705415022,0.0,0.05128205128205128,0.0,0.0,0.45482866043613707
0.0,0.3436174879368329,0.0,0.7435897435897436,1.0,0.0,0.34579439252336447
0.0,0.24448018716186581,0.0,0.7435897435897436,1.0,0.0,0.3707165109034268
0.0,0.19227957303699372,0.3838530066815145,0.7435897435897436,1.0,0.0,0.4423676012461059
0.6666666666666666,0.22215723546327437,0.1544543429844098,0.7435897435897436,1.0,0.0,0.4392523364485981
1.0,0.20387970950918752,0.20167037861915368,0.7435897435897436,1.0,0.0,0.470404984423676
0.0,0.1592825461812156,0.0,0.7435897435897436,0.0,0.0,0.3925233644859813
0.3333333333333333,0.1328654286689087,0.17371937639198218,0.7435897435897436,1.0,0.0,0.2523364485981308
0.0,0.15046059365404302,0.0,0.7435897435897436,1.0,0.0,0.06542056074766354
0.0,0.5359458010430375,0.0,0.7435897435897436,1.0,0.0,0.3956386292834891
0.0,0.1307696056928401,0.20679287305122496,0.7435897435897436,1.0,0.0,0.3644859813084112
0.0,0.12038797095091876,0.2475501113585746,0.7435897435897436,1.0,0.0,0.4392523364485981
0.6666666666666666,0.18277525954086857,0.0,0.7435897435897436,1.0,0.0,0.2523364485981308
0.3333333333333333,0.12672417994833554,0.20512249443207128,0.7435897435897436,1.0,0.0,0.3302180685358255
0.0,0.1873080859774821,0.3645879732739421,0.7435897435897436,1.0,0.0,0.616822429906542
0.0,0.14392942437978262,0.1447661469933185,0.7435897435897436,1.0,0.0,0.22118380062305296
0.0,0.19252327338304823,0.0,0.7435897435897436,1.0,1.0,0.3582554517133956
0.3333333333333333,0.190232490130136,0.27015590200445433,0.7435897435897436,0.0,1.0,0.46417445482866043
0.0,0.18409124140956282,0.08908685968819599,0.7435897435897436,1.0,0.0,0.32087227414330216
0.6666666666666666,0.1048398888726422,0.1097772814922049,0.358974358974359,1.0,0.0,0.21495327102803738
0.0,0.08095725495930205,0.18552338530066817,0.7435897435897436,1.0,0.0,0.14018691588785046
0.0,1.0,0.0,0.7435897435897436,0.0,0.0,0.34579439252336447
0.0,0.14661012818638205,0.33997772828507794,0.7435897435897436,1.0,0.0,0.24922118380062303
0.0,0.1194131695667008,0.19120267260579066,0.6153846153846154,0.0,0.0,0.2803738317757009
0.0,0.1732222059755325,0.22271714922049,0.7435897435897436,1.0,0.0,0.34579439252336447
0.0,0.19369303504410978,0.0,0.7435897435897436,1.0,0.0,0.3302180685358255
0.0,0.45610956767558614,0.0,0.7435897435897436,1.0,0.0,0.5545171339563862
0.0,0.1425647024418775,0.2690423162583519,0.7435897435897436,1.0,0.0,0.40498442367601245
0.6666666666666666,0.20714529414631772,0.0,0.7435897435897436,0.0,0.0,0.367601246105919
0.6666666666666666,0.14636642784032755,0.17371937639198218,0.7435897435897436,1.0,0.0,0.3894080996884735
0.0,0.25671394453380125,0.0,1.0000000000000002,0.0,0.0,0.4174454828660436
0.0,0.10883657454793585,0.3712694877505568,0.7435897435897436,1.0,0.0,0.5077881619937694
1.0,0.20792513525369208,0.13919821826280623,0.7435897435897436,1.0,0.0,0.3146417445482866
0.3333333333333333,0.32777696544329094,0.0,0.7435897435897436,1.0,0.0,0.5950155763239875
0.3333333333333333,0.22011015255641664,0.0,0.7435897435897436,1.0,0.0,0.3925233644859813
0.0,0.23638933567285667,0.2829621380846325,1.0000000000000002,0.0,0.0,0.4423676012461059
0.3333333333333333,0.0908514890091144,0.3257238307349666,0.7435897435897436,0.0,0.0,0.32398753894080995
0.0,0.08042111419798216,0.3267260579064588,0.7435897435897436,0.0,1.0,0.2616822429906542
0.0,0.13281668859969784,0.19487750556792874,0.7435897435897436,1.0,1.0,0.29906542056074764
0.0,0.23638933567285667,0.0,0.7435897435897436,1.0,0.0,0.38317757009345793
0.3333333333333333,0.07189160208607497,0.20077951002227173,0.7435897435897436,1.0,0.0,0.27102803738317754
0.0,0.1876492664619584,0.27839643652561247,0.7435897435897436,1.0,0.0,0.40809968847352024
0.0,0.09016912804016182,0.0,0.7435897435897436,0.0,1.0,0.34579439252336447
0.0,0.1760491299897646,0.18552338530066817,0.7435897435897436,1.0,0.0,0.3925233644859813
0.0,0.10966515572452112,0.20746102449888643,0.7435897435897436,0.0,0.0,0.29595015576323985
0.6666666666666666,0.3663791002583224,0.0,0.7435897435897436,1.0,1.0,0.5482866043613707
0.0,0.13486377150655557,0.0,0.7435897435897436,1.0,0.0,0.23364485981308408
0.0,0.13535117219866455,0.2678173719376392,0.7435897435897436,1.0,1.0,0.3177570093457944
0.0,0.11488034313008724,0.0,0.7435897435897436,1.0,0.0,0.14641744548286603
0.6666666666666666,0.2727494273041868,0.0,0.15384615384615388,1.0,0.0,0.4205607476635514
0.0,0.1132231807769167,0.2052338530066815,0.7435897435897436,0.0,0.0,0.4672897196261682
0.3333333333333333,0.1583564848662085,0.18262806236080179,0.358974358974359,1.0,1.0,0.3177570093457944
0.6666666666666666,0.17385582687527418,0.0,0.7435897435897436,1.0,0.0,0.34579439252336447
0.0,0.09299605205439392,0.23763919821826282,0.7435897435897436,1.0,0.0,0.24610591900311524
0.3333333333333333,0.16527757469415608,0.0,0.7435897435897436,1.0,0.0,0.32087227414330216
0.3333333333333333,0.48008968172734806,0.0,0.7435897435897436,0.0,0.0,0.45482866043613707
0.0,0.10966515572452112,0.2413140311804009,0.7435897435897436,1.0,0.0,0.3302180685358255
1.0,0.20431837013208562,0.021046770601336303,0.7435897435897436,1.0,0.0,0.3582554517133956
0.6666666666666666,0.16820197884680999,0.17706013363028955,0.7435897435897436,1.0,1.0,0.34579439252336447
0.0,0.14700004874006922,0.3324053452115813,0.7435897435897436,1.0,0.0,0.38317757009345793
1.0,0.7237900277818395,0.0,0.7435897435897436,1.0,0.0,0.9065420560747663
0.0,0.2323439099283521,0.0,0.7435897435897436,1.0,0.0,0.37694704049844235
0.0,0.2762587122873715,0.24053452115812918,0.7435897435897436,1.0,0.0,0.5451713395638629
0.0,0.20387970950918752,0.27293986636971046,0.7435897435897436,0.0,0.0,0.3146417445482866
0.0,0.11453916264561095,0.0,0.7435897435897436,1.0,0.0,0.1806853582554517
0.3333333333333333,0.20636545303894333,0.19966592427616928,0.7435897435897436,1.0,0.0,0.3364485981308411
0.0,0.13574109275235172,0.0,0.7435897435897436,1.0,0.0,0.2772585669781931
0.0,0.1307696056928401,0.0,0.7435897435897436,1.0,0.0,0.19314641744548286
0.3333333333333333,0.4719500901691281,0.20412026726057908,0.358974358974359,1.0,0.0,0.5389408099688473
0.0,0.26090559048593853,0.5,0.7435897435897436,1.0,0.0,0.19003115264797507
0.3333333333333333,0.24857435297558123,0.07661469933184856,0.7435897435897436,1.0,0.0,0.470404984423676
0.6666666666666666,0.11453916264561095,0.512249443207127,0.7435897435897436,1.0,0.0,0.5202492211838006
1.0,0.08188331627430911,0.0,0.7435897435897436,0.0,1.0,0.34579439252336447
0.0,0.1954476775357021,0.0,0.7435897435897436,1.0,0.0,0.19314641744548286
1.0,0.121703952819613,0.1767260579064588,0.7435897435897436,0.0,1.0,0.5109034267912772
0.0,0.10859287420188136,0.0,0.7435897435897436,0.0,0.0,0.11526479750778815
0.3333333333333333,0.21465126480479604,0.1368596881959911,0.7435897435897436,1.0,1.0,0.46417445482866043
1.0,0.1473412292245455,0.0,0.7435897435897436,1.0,1.0,0.20249221183800623
0.6666666666666666,0.11858458839011553,0.2594654788418708,0.7435897435897436,1.0,0.0,0.3613707165109034
0.0,0.11449042257640006,0.2737193763919822,0.7435897435897436,1.0,0.0,0.470404984423676
0.0,0.1644002534483599,0.3596881959910913,0.7435897435897436,0.0,1.0,0.4454828660436137
0.6666666666666666,0.14295462299556466,0.24142538975501115,0.7435897435897436,1.0,1.0,0.3644859813084112
0.0,0.3013598479309841,0.5103563474387528,0.7435897435897436,1.0,0.0,0.778816199376947
0.0,0.12063167129697323,0.6959910913140313,0.7435897435897436,1.0,0.0,0.5545171339563862
0.0,0.4353950382609544,0.0,0.7435897435897436,1.0,0.0,0.6822429906542056
0.0,0.41916459521372523,0.46403118040089086,0.7435897435897436,0.0,0.0,0.9314641744548287
1.0,0.12263001413462006,0.2319599109131403,0.7435897435897436,1.0,0.0,0.26791277258566976
0.0,0.2607593702783058,0.0,0.7435897435897436,0.0,0.0,0.29906542056074764
0.0,0.11078617731637179,0.05623608017817372,0.7435897435897436,1.0,0.0,0.37694704049844235
0.0,0.1785348735195204,0.0,0.358974358974359,1.0,0.0,0.3333333333333333
0.6666666666666666,0.3988399863527807,0.3526726057906459,0.7435897435897436,1.0,0.0,0.4859813084112149
0.3333333333333333,0.1815567578105961,0.0,0.7435897435897436,0.0,0.0,0.1806853582554517
0.0,0.1389091972510601,0.18552338530066817,1.0000000000000002,0.0,1.0,0.2834890965732087
1.0,0.24452892723107666,0.3526726057906459,0.7435897435897436,1.0,0.0,0.5950155763239875
0.3333333333333333,0.22288833650143786,0.0,0.7435897435897436,0.0,0.0,0.22429906542056072
0.6666666666666666,0.23638933567285667,0.40835189309576836,0.7435897435897436,1.0,0.0,0.7071651090342679
0.0,0.2242043183701321,0.2597995545657016,0.7435897435897436,1.0,0.0,0.37694704049844235
0.0,0.1395428181508018,0.3377505567928731,0.6153846153846154,1.0,0.0,0.26791277258566976
0.0,0.32519374177511334,0.0,0.7435897435897436,1.0,0.0,0.411214953271028
0.0,0.295657259833309,0.0,0.7435897435897436,0.0,1.0,0.3862928348909657
0.0,0.11453916264561095,0.0,1.0000000000000002,0.0,0.0,0.27102803738317754
0.0,0.24243310425500805,0.0,0.7435897435897436,0.0,0.0,0.3582554517133956
0.3333333333333333,0.3009699273772969,0.0,0.7435897435897436,1.0,0.0,0.5171339563862928
0.0,0.7607837403129113,0.0,0.7435897435897436,1.0,0.0,0.14330218068535824
0.6666666666666666,0.24540624847687287,0.0,0.7435897435897436,1.0,0.0,0.45482866043613707
0.3333333333333333,0.1419310815421358,0.2212694877505568,0.358974358974359,0.0,0.0,0.3177570093457944
0.0,0.12740654091728812,0.16247216035634746,0.7435897435897436,1.0,0.0,0.3146417445482866
0.0,0.2274699030072623,0.10278396436525612,0.358974358974359,1.0,0.0,0.34579439252336447
1.0,0.41916459521372523,0.556347438752784,0.7435897435897436,1.0,0.0,0.37694704049844235
0.0,0.20275868791733687,0.0,0.7435897435897436,1.0,0.0,0.37694704049844235
0.0,0.14227226202661208,0.0,1.0000000000000002,0.0,0.0,0.19314641744548286
0.6666666666666666,0.2554467027343179,0.0,0.7435897435897436,1.0,0.0,0.37694704049844235
0.0,0.15513964029828925,0.27839643652561247,0.7435897435897436,1.0,0.0,0.3707165109034268
0.0,0.28225374080031196,0.4712694877505568,0.7435897435897436,1.0,0.0,0.8940809968847352
0.0,0.28512940488375493,0.0,0.7435897435897436,1.0,0.0,0.45794392523364486
0.0,0.34200906565287326,0.0,0.7435897435897436,1.0,0.0,0.3707165109034268
0.6666666666666666,0.2152361456353268,0.0,0.7435897435897436,0.0,0.0,0.2834890965732087
0.3333333333333333,0.17141882341472928,0.0,0.358974358974359,1.0,0.0,0.32398753894080995
0.0,0.10703319198713263,0.17817371937639198,0.7435897435897436,1.0,1.0,0.38317757009345793
0.0,0.1393965979431691,0.3492204899777283,0.7435897435897436,0.0,1.0,0.34579439252336447
0.0,0.10639957108739094,0.26915367483296215,0.7435897435897436,1.0,0.0,0.3956386292834891
0.0,0.26017448944777505,0.0,0.7435897435897436,1.0,0.0,0.3613707165109034
1.0,0.4394892040746698,0.0,0.7435897435897436,1.0,0.0,0.5482866043613707
1.0,0.4559146073987425,0.0,0.7435897435897436,1.0,0.0,0.8286604361370716
0.0,0.11858458839011553,0.23552338530066816,0.7435897435897436,1.0,0.0,0.34579439252336447
0.6666666666666666,0.08982794755568553,0.1809576837416481,0.358974358974359,1.0,1.0,0.32398753894080995
0.6666666666666666,0.14378320417214993,0.155902004454343,0.7435897435897436,1.0,0.0,0.32398753894080995
0.6666666666666666,0.15236145635326803,0.05389755011135858,0.7435897435897436,1.0,0.0,0.3925233644859813
0.0,0.1476824097090218,0.0,0.7435897435897436,0.0,0.0,0.19314641744548286
0.0,0.14051761953501976,0.16247216035634746,0.7435897435897436,1.0,0.0,0.26791277258566976
0.0,0.18287273967929035,0.18552338530066817,0.7435897435897436,1.0,1.0,0.3115264797507788
0.0,0.06579909343471267,0.20044543429844097,0.7435897435897436,0.0,0.0,0.29283489096573206
0.6666666666666666,0.1334990495686504,0.0,0.358974358974359,0.0,1.0,0.11214953271028036
0.0,0.12696788029439005,0.0,0.6153846153846154,0.0,1.0,0.17445482866043613
0.0,0.08836574547935858,0.0,0.7435897435897436,1.0,1.0,0.13707165109034267
0.0,0.3553638446166594,0.0,0.7435897435897436,0.0,0.0,0.5763239875389408
0.0,0.21431008432031975,0.0,0.7435897435897436,1.0,0.0,0.3302180685358255
0.0,0.09830871959838183,0.267260579064588,0.7435897435897436,1.0,1.0,0.3302180685358255
0.0,0.10055076278208315,0.0,0.7435897435897436,1.0,1.0,0.17757009345794392
0.3333333333333333,0.397231564068821,0.0,0.6153846153846154,0.0,0.0,0.4454828660436137
0.3333333333333333,0.18116683725690894,0.0,0.7435897435897436,0.0,1.0,0.16510903426791276
0.0,0.2976068626017449,0.0,0.7435897435897436,1.0,0.0,0.470404984423676
0.0,0.28980845152800117,0.0,0.7435897435897436,0.0,1.0,0.6510903426791277
0.0,0.10250036555051908,0.22639198218262807,0.7435897435897436,1.0,1.0,0.3146417445482866
0.0,0.09743139835258566,0.36046770601336303,0.7435897435897436,0.0,1.0,0.5264797507788161
0.0,0.13866549690500563,0.0,0.7435897435897436,1.0,0.0,0.1588785046728972
0.3333333333333333,0.1194131695667008,0.0,0.7435897435897436,0.0,0.0,0.470404984423676
0.0,0.042647560559535995,0.30879732739420934,0.7435897435897436,1.0,0.0,0.32087227414330216
0.0,0.1508992542769411,0.15779510022271714,0.7435897435897436,1.0,0.0,0.40186915887850466
0.0,0.27679485304869134,0.0,0.7435897435897436,1.0,0.0,0.40186915887850466
0.0,0.1252619778720086,0.0,0.7435897435897436,0.0,1.0,0.22118380062305296
0.0,0.08139591558220012,0.19142538975501114,0.7435897435897436,1.0,0.0,0.2834890965732087
0.3333333333333333,0.3460544913973778,0.1856347438752784,0.7435897435897436,0.0,0.0,0.3146417445482866
0.0,0.7179412194765317,0.0,0.7435897435897436,1.0,0.0,0.27102803738317754
0.0,0.12263001413462006,0.47884187082405344,0.7435897435897436,1.0,0.0,0.34890965732087226
0.3333333333333333,0.21718574840376276,0.0,0.7435897435897436,0.0,1.0,0.22429906542056072
0.6666666666666666,0.2819613003850466,0.0,0.7435897435897436,1.0,0.0,0.3862928348909657
0.0,0.13500999171418826,0.001795100316258352,0.7435897435897436,1.0,0.0,0.24299065420560745
0.0,0.1251157576643759,0.0,0.358974358974359,1.0,1.0,0.1588785046728972
0.3333333333333333,0.41302334649315203,0.0,0.7435897435897436,1.0,0.0,0.4392523364485981
0.0,0.3094994394892041,0.0,0.7435897435897436,0.0,0.0,0.29906542056074764
0.0,0.11088365745479359,0.2605790645879733,0.7435897435897436,1.0,0.0,0.4174454828660436
0.0,0.17546424915923384,0.0,0.7435897435897436,1.0,0.0,0.2834890965732087
0.0,0.4823804649802603,0.0,0.4871794871794872,1.0,0.0,0.34579439252336447
0.0,0.08656236291855535,0.2061247216035635,0.7435897435897436,1.0,0.0,0.1277258566978193
0.0,0.10055076278208315,0.1252783964365256,0.7435897435897436,1.0,0.0,0.34579439252336447
0.0,0.5003655505190817,0.0,0.7435897435897436,0.0,0.0,0.5545171339563862
0.0,0.3407905639226008,0.0,0.7435897435897436,1.0,1.0,0.40186915887850466
0.0,0.171077642930253,0.5639198218262806,0.7435897435897436,1.0,0.0,0.5545171339563862
0.0,0.3777842764536726,0.20412026726057908,0.7435897435897436,1.0,0.0,0.5327102803738317
1.0,0.22210849539406347,0.22193763919821827,0.7435897435897436,1.0,1.0,0.43302180685358255
0.0,0.3500999171418824,0.9279510022271715,0.6153846153846154,1.0,0.0,0.5171339563862928
0.3333333333333333,0.1616220695033387,0.13474387527839643,0.7435897435897436,1.0,0.0,0.37694704049844235
0.6666666666666666,0.21942779158746406,0.0,0.7435897435897436,1.0,1.0,0.3146417445482866
0.0,0.1651800945557343,0.15322939866369711,0.7435897435897436,0.0,0.0,0.14330218068535824
0.6666666666666666,0.15548082078276554,0.19042316258351893,0.7435897435897436,0.0,0.0,0.4392523364485981
0.3333333333333333,0.12765024126334262,0.17171492204899777,0.7435897435897436,0.0,1.0,0.5638629283489096
0.6666666666666666,0.10522980942632938,0.13975501113585748,0.7435897435897436,0.0,1.0,0.3613707165109034
0.6666666666666666,0.08812204513330409,0.16213808463251672,0.6153846153846154,1.0,1.0,0.1588785046728972
0.0,0.18511478286299168,0.19298440979955458,0.7435897435897436,0.0,0.0,0.43613707165109034
0.0,0.11371058146902568,0.27461024498886416,0.358974358974359,1.0,0.0,0.2523364485981308
0.0,0.3380123799775796,0.0,0.7435897435897436,1.0,0.0,0.23364485981308408
0.6666666666666666,0.18077691670322174,0.0,0.7435897435897436,1.0,0.0,0.27102803738317754
0.0,0.20232002729443876,0.0,0.7435897435897436,1.0,0.0,0.3395638629283489
0.0,0.1734171662523761,0.2860801781737194,0.7435897435897436,0.0,0.0,0.5109034267912772
0.6666666666666666,0.20490325096261638,0.0,0.7435897435897436,1.0,0.0,0.3956386292834891
0.0,0.3988887264219915,0.0,0.7435897435897436,0.0,0.0,0.470404984423676
0.0,0.09421455378466638,0.4546770601336303,0.7435897435897436,1.0,0.0,0.470404984423676
1.0,0.369937125310718,0.0,0.358974358974359,1.0,0.0,0.3707165109034268
0.0,0.13964029828922359,0.24365256124721604,0.7435897435897436,1.0,0.0,0.4485981308411215
0.3333333333333333,0.24569868889213825,0.0,0.7435897435897436,1.0,1.0,0.38317757009345793
0.0,0.19574011795096752,0.0,0.7435897435897436,0.0,0.0,0.2772585669781931
0.0,0.28512940488375493,0.0,0.7435897435897436,1.0,0.0,0.40809968847352024
1.0,0.1363259735828825,0.18530066815144766,0.358974358974359,0.0,1.0,0.19003115264797507
0.0,0.8062582248866794,0.0,0.7435897435897436,1.0,0.0,0.3146417445482866
0.6666666666666666,0.0029244041526538976,0.32483296213808466,0.7435897435897436,1.0,1.0,0.2772585669781931
0.0,0.20387970950918752,0.27293986636971046,0.7435897435897436,0.0,0.0,0.3146417445482866
0.3333333333333333,0.16084222839596435,0.23151447661469934,0.7435897435897436,1.0,0.0,0.47663551401869153
0.3333333333333333,0.12199639323487839,0.16703786191536749,0.358974358974359,0.0,1.0,0.32398753894080995
1.0,0.2213286542866891,0.0,0.7435897435897436,1.0,0.0,0.2834890965732087
0.0,0.11453916264561095,0.0,0.7435897435897436,1.0,0.0,0.2616822429906542
0.6666666666666666,0.26231905249305454,0.5175946547884187,0.7435897435897436,1.0,0.0,0.47663551401869153
0.6666666666666666,0.7981186333284593,0.11291759465478843,0.7435897435897436,1.0,0.0,0.4392523364485981
0.6666666666666666,0.31924745333138377,0.19487750556792874,0.6153846153846154,1.0,0.0,0.6884735202492211
0.6666666666666666,0.13271920846127602,0.20846325167037863,0.7435897435897436,0.0,0.0,0.38317757009345793
0.3333333333333333,0.8050397231564069,0.2505567928730512,0.7435897435897436,1.0,0.0,0.23987538940809966
0.6666666666666666,0.1363259735828825,0.17850779510022272,0.7435897435897436,0.0,0.0,0.34579439252336447
0.0,0.2047082906857728,0.0,0.7435897435897436,1.0,1.0,0.4517133956386293
1.0,0.14353950382609545,0.0,0.7435897435897436,1.0,1.0,0.32398753894080995
0.0,0.09421455378466638,0.3507795100222717,0.7435897435897436,1.0,0.0,0.3707165109034268
0.0,0.5206901593800264,0.0,0.7435897435897436,1.0,0.0,0.7009345794392523
0.6666666666666666,0.3988399863527807,0.0,0.7435897435897436,1.0,0.0,0.7383177570093458
0.3333333333333333,0.08812204513330409,0.2712694877505568,0.7435897435897436,1.0,1.0,0.38006230529595014
0.6666666666666666,0.16557001510942146,0.0,0.7435897435897436,0.0,0.0,0.22118380062305296
0.6666666666666666,0.2160647268119121,0.2319599109131403,0.7435897435897436,1.0,0.0,0.470404984423676
0.0,0.11137105814690257,0.0,0.7435897435897436,0.0,0.0,0.205607476635514
0.0,0.12423843641857972,0.3101336302895323,0.7435897435897436,1.0,1.0,0.27102803738317754
0.3333333333333333,0.2526197787200858,0.12594654788418708,0.7435897435897436,1.0,1.0,0.5514018691588785
0.0,0.17258858507579083,0.0,0.7435897435897436,1.0,1.0,0.3146417445482866
0.0,0.8340888044061023,0.0,0.7435897435897436,1.0,1.0,0.6728971962616822
0.0,0.1680070185699664,0.24020044543429844,0.7435897435897436,0.0,0.0,0.3426791277258567
0.3333333333333333,0.15479845981381296,0.10167037861915368,0.15384615384615388,1.0,0.0,0.29906542056074764
0.0,0.1194131695667008,0.18930957683741648,0.7435897435897436,1.0,1.0,0.3052959501557632
0.0,0.2181118097187698,0.31815144766146997,0.0,1.0,0.0,0.3177570093457944
0.3333333333333333,0.1337914899839158,0.0,0.7435897435897436,1.0,0.0,0.26791277258566976
0.0,0.29892284447043915,0.49175946547884186,0.7435897435897436,0.0,0.0,0.6230529595015576
0.0,0.024126334259394647,0.4101336302895323,1.0000000000000002,1.0,0.0,0.32398753894080995
0.0,0.14665886825559293,0.0,0.7435897435897436,1.0,0.0,0.2834890965732087
0.6666666666666666,0.22980942632938542,0.6262806236080178,0.7435897435897436,1.0,0.0,0.6199376947040498
0.3333333333333333,0.1900862699225033,0.5904231625835189,0.7435897435897436,0.0,1.0,0.40186915887850466
0.0,0.17858361358873132,0.16514476614699333,0.6153846153846154,1.0,1.0,0.3582554517133956
0.6666666666666666,0.16376663254861823,0.49175946547884186,0.7435897435897436,1.0,0.0,0.7289719626168224
0.0,0.1673246576010138,0.0,0.7435897435897436,0.0,0.0,0.27102803738317754
0.0,0.1135156211921821,0.33552338530066816,0.7435897435897436,1.0,0.0,0.557632398753894
0.3333333333333333,0.6390797874932983,0.0,0.7435897435897436,1.0,0.0,0.09657320872274143
0.0,0.1680557586391773,0.1433184855233853,0.7435897435897436,0.0,1.0,0.2834890965732087
0.3333333333333333,0.28829750938246335,0.22316258351893095,0.7435897435897436,1.0,0.0,0.7507788161993769
0.6666666666666666,0.15270263683774432,0.22661469933184855,0.7435897435897436,1.0,0.0,0.43302180685358255
0.0,0.09650533703757859,0.7423162583518931,0.358974358974359,0.0,0.0,0.19003115264797507
0.0,0.27611249207973876,0.40824053452115816,0.7435897435897436,0.0,0.0,0.940809968847352
1.0,0.1616220695033387,0.38173719376391985,0.7435897435897436,1.0,0.0,0.4392523364485981
0.6666666666666666,0.09168007018569967,0.18173719376391984,1.0000000000000002,1.0,0.0,0.32398753894080995
0.0,0.1425159623726666,0.20044543429844097,0.7435897435897436,0.0,1.0,0.35514018691588783
0.0,0.2209387337330019,0.21325167037861917,0.7435897435897436,0.0,0.0,0.5482866043613707
0.0,0.15840522493541942,0.0,0.7435897435897436,0.0,1.0,0.26791277258566976
0.6666666666666666,0.09952722132865428,0.1939866369710468,0.7435897435897436,1.0,1.0,0.11214953271028036
0.0,0.11453916264561095,0.0,0.7435897435897436,1.0,0.0,0.14330218068535824
1.0,0.2693863625286348,0.15857461024498887,0.7435897435897436,1.0,0.0,0.2834890965732087
0.0,0.22079251352536922,0.2324053452115813,0.7435897435897436,0.0,0.0,0.34579439252336447
0.0,0.17668275088950627,0.0,0.7435897435897436,1.0,0.0,0.3146417445482866
0.3333333333333333,0.25028025539796267,0.15924276169265034,0.7435897435897436,1.0,1.0,0.47352024922118374
0.3333333333333333,0.12326363503436176,0.14498886414253898,0.7435897435897436,1.0,1.0,0.26479750778816197
0.0,0.32329287907588833,0.0,0.7435897435897436,1.0,1.0,0.37694704049844235
0.0,0.042647560559535995,0.6124721603563474,0.7435897435897436,1.0,0.0,0.6448598130841121
1.0,0.2013452259102208,0.0,0.7435897435897436,1.0,0.0,0.2834890965732087
0.6666666666666666,0.1675683579470683,0.0,0.7435897435897436,0.0,0.0,0.3146417445482866
0.3333333333333333,0.541014768240971,0.0,0.7435897435897436,0.0,0.0,0.5825545171339563
0.0,0.8780523468343325,0.0,0.7435897435897436,1.0,1.0,0.3613707165109034
0.0,0.11697616610615587,0.22739420935412027,0.7435897435897436,1.0,1.0,0.3644859813084112
0.0,0.2916118340888044,0.4349665924276169,0.7435897435897436,1.0,0.0,0.9813084112149532
0.6666666666666666,0.16898181995418435,0.0,0.7435897435897436,1.0,0.0,0.3052959501557632
0.0,0.13486377150655557,0.05968819599109131,0.7435897435897436,0.0,1.0,0.17757009345794392
1.0,0.30545401374469955,0.0,0.358974358974359,1.0,0.0,0.46105919003115264
0.3333333333333333,0.21728322854218454,0.316815144766147,0.358974358974359,1.0,0.0,0.40809968847352024
0.0,0.09689525759126578,0.0,0.7435897435897436,0.0,0.0,0.2803738317757009
0.3333333333333333,0.1706877223765658,0.0,0.7435897435897436,1.0,0.0,0.26791277258566976
0.3333333333333333,0.1018180045815665,0.28106904231625834,0.7435897435897436,1.0,1.0,0.3707165109034268
0.0,0.13973777842764537,0.07383073496659243,0.7435897435897436,1.0,1.0,0.2897196261682243
0.0,0.12760150119413172,0.21714922048997773,0.7435897435897436,1.0,0.0,0.45482866043613707
0.0,0.1563581420285617,0.0,0.05128205128205128,0.0,1.0,0.22118380062305296
0.0,0.11580640444509431,0.19855233853006682,0.7435897435897436,1.0,0.0,0.4236760124610592
0.0,0.23638933567285667,0.0,0.7435897435897436,0.0,0.0,0.29283489096573206
0.0,0.12843008237071699,0.22449888641425392,0.7435897435897436,1.0,0.0,0.3146417445482866
0.6666666666666666,0.31598186869425354,0.0,0.7435897435897436,0.0,0.0,0.34579439252336447
0.3333333333333333,0.11414924209192377,0.26447661469933187,0.7435897435897436,1.0,1.0,0.34579439252336447
0.3333333333333333,0.15513964029828925,0.3619153674832962,0.7435897435897436,1.0,0.0,0.46417445482866043
0.0,0.11229711946190964,0.2597995545657016,0.7435897435897436,0.0,1.0,0.5358255451713395
0.0,0.1678120582931228,0.47505567928730513,0.358974358974359,0.0,0.0,0.38317757009345793
0.3333333333333333,0.2591996880635571,0.11492204899777284,0.7435897435897436,1.0,0.0,0.05295950155763239
0.0,0.12267875420383097,0.1809576837416481,0.7435897435897436,1.0,0.0,0.23364485981308408
1.0,0.48686455134766293,0.0,0.7435897435897436,1.0,0.0,0.7819314641744548
0.0,0.1821416386411269,0.29721603563474386,0.7435897435897436,1.0,0.0,0.47663551401869153
0.0,0.1964224789199201,0.25679287305122495,0.7435897435897436,1.0,0.0,0.5389408099688473
0.6666666666666666,0.17180874396841644,0.02694877505567929,0.7435897435897436,1.0,1.0,0.308411214953271
0.0,0.2813764195545158,0.2287305122494432,0.7435897435897436,1.0,0.0,0.6292834890965732
0.0,0.2753813910415753,0.0,0.7435897435897436,1.0,1.0,0.38317757009345793
0.6666666666666666,0.42155285860505926,0.0,0.7435897435897436,0.0,0.0,0.7757009345794392
0.0,0.21041087878344789,0.0,0.7435897435897436,1.0,1.0,0.34579439252336447
0.0,0.15513964029828925,0.0,0.7435897435897436,1.0,0.0,0.19003115264797507
1.0,0.15840522493541942,0.27839643652561247,0.7435897435897436,0.0,0.0,0.35514018691588783
0.0,0.10859287420188136,0.0,0.7435897435897436,0.0,0.0,0.0
0.0,0.14700004874006922,0.22984409799554567,0.7435897435897436,0.0,0.0,0.29595015576323985
0.3333333333333333,0.1592338061120047,0.19487750556792874,0.7435897435897436,1.0,0.0,0.5514018691588785
0.0,0.24204318370132089,0.16158129175946548,0.7435897435897436,0.0,0.0,0.4859813084112149
0.6666666666666666,0.8049909830871961,0.0,0.7435897435897436,1.0,0.0,0.8286604361370716
0.6666666666666666,0.2912219135351172,0.1809576837416481,1.0000000000000002,0.0,1.0,0.5545171339563862
1.0,0.30491787298337963,0.0,0.7435897435897436,0.0,0.0,0.4392523364485981
0.6666666666666666,0.14665886825559293,0.05133630289532294,0.15384615384615388,1.0,0.0,0.308411214953271
0.0,0.14314958327240826,0.24610244988864144,0.7435897435897436,0.0,0.0,0.3956386292834891
0.0,0.15007067310035582,0.30501113585746104,0.7435897435897436,1.0,0.0,0.3146417445482866
0.3333333333333333,0.079543792952186,0.24855233853006684,0.7435897435897436,1.0,0.0,0.3052959501557632
0.0,0.1477798898474436,0.32483296213808466,0.7435897435897436,1.0,0.0,0.47352024922118374
0.6666666666666666,0.31144904225764003,0.0,0.7435897435897436,1.0,0.0,0.6105919003115264
0.0,0.14700004874006922,0.0,0.7435897435897436,1.0,0.0,0.08411214953271028
0.3333333333333333,0.08432031973485403,0.0,0.7435897435897436,0.0,0.0,0.16199376947040497
0.3333333333333333,0.12852756250913877,0.21347438752783965,0.7435897435897436,0.0,0.0,0.42679127725856697
0.3333333333333333,0.20144270604864262,0.33407572383073497,0.15384615384615388,0.0,0.0,0.5077881619937694
0.0,0.1046449285957986,0.16948775055679288,0.7435897435897436,1.0,0.0,0.29595015576323985
0.0,0.09821123945996003,0.0,0.7435897435897436,1.0,1.0,0.19003115264797507
0.0,0.2242043183701321,0.0,0.7435897435897436,1.0,0.0,0.26479750778816197
0.6666666666666666,0.12555441828727398,0.0,0.7435897435897436,0.0,0.0,0.30218068535825543
0.0,0.1389091972510601,0.3804008908685969,0.358974358974359,1.0,0.0,0.14641744548286603
0.6666666666666666,0.28512940488375493,0.0,0.4871794871794872,0.0,0.0,0.6105919003115264
1.0,0.4487498172247405,0.0,0.7435897435897436,1.0,0.0,0.881619937694704
0.0,0.18077691670322174,0.3674832962138085,0.358974358974359,1.0,0.0,0.4143302180685358
0.0,0.7783789052980455,0.0,0.7435897435897436,1.0,0.0,0.7819314641744548
0.0,0.17950967490373837,0.0,0.7435897435897436,1.0,1.0,0.3146417445482866
0.6666666666666666,0.303796851391529,0.111358574610245,0.7435897435897436,0.0,1.0,0.5545171339563862
0.0,0.13827557635131843,0.0,0.7435897435897436,0.0,0.0,0.24610591900311524
0.0,0.47828629916654486,0.0,0.7435897435897436,1.0,0.0,0.5327102803738317
0.6666666666666666,0.2744065896573573,0.0,0.7435897435897436,1.0,0.0,0.5700934579439252
0.0,0.1337427499147049,0.310913140311804,0.7435897435897436,1.0,1.0,0.45482866043613707
1.0,0.2706536043281182,0.0,0.7435897435897436,1.0,0.0,0.3707165109034268
0.0,0.17185748403762735,0.4789532293986637,0.7435897435897436,1.0,0.0,0.5077881619937694
0.0,0.10966515572452112,0.423162583518931,0.358974358974359,0.0,1.0,0.34579439252336447
0.3333333333333333,0.15840522493541942,0.27839643652561247,0.7435897435897436,1.0,0.0,0.5109034267912772
0.6666666666666666,0.18701564556221673,0.15712694877505567,0.7435897435897436,1.0,1.0,0.46105919003115264
0.0,0.1502168933079885,0.21714922048997773,0.7435897435897436,1.0,0.0,0.308411214953271
0.0,0.13403519032997027,0.0,0.7435897435897436,1.0,0.0,0.19314641744548286
1.0,0.1928157137983136,0.0,0.358974358974359,1.0,0.0,0.09657320872274143
0.3333333333333333,0.38611882828873617,0.026726057906458798,0.7435897435897436,1.0,0.0,0.7601246105919003
0.6666666666666666,0.3622849344446069,0.0,0.7435897435897436,1.0,0.0,0.5545171339563862
0.0,0.2160647268119121,0.0,0.7435897435897436,0.0,0.0,0.3862928348909657
