F_1,F_2,output
0.7967196670858712,0.3591458609136992,0
0.649734993598762,-0.3913846927206726,1
2.046032251039657,0.1673103841495472,1
1.2821728755680128,-0.5376335168813432,1
0.09509674511319731,0.044552087822998326,1
-0.8541549853055591,0.45609281585301065,0
0.16116495892372112,0.23592761739817825,1
1.9066175155603649,0.27747341299383305,1
0.13630266569042337,0.05874386247451609,1
-0.6885165576436264,0.6950951473736322,0
-0.7954389823636432,0.5917777958886155,0
-0.552603935186843,0.6101614962457396,0
0.18639376180919331,-0.1762647207188627,1
-1.0267318241182972,0.0628286861023287,0
-0.9064943120777803,0.4007381024555276,0
1.7455807694154304,-0.16824518804334337,1
0.32978503636525863,-0.3775896789297393,1
-0.508177361242044,0.8550414286262374,0
0.18998738646178548,0.13888093998971834,1
0.15883290534756073,0.024579712025172135,1
1.7968841233521184,-0.14517518441271784,1
1.1371680183491717,-0.5621599260186732,1
1.558221968215603,-0.38729623582657496,1
-0.5180406183364281,0.9821176814619834,0
1.9834213380117596,0.04157185279686226,1
-0.908243385902203,0.4462008621678019,0
0.027163326971039722,0.9691635105321029,0
0.2563849639879586,1.118720855441622,0
0.9281084289367878,0.07866673295399802,0
0.9360482828450751,0.21357221433397122,0
1.2602460395621353,-0.46895283590343256,1
0.7877018674920221,0.22950495763078618,0
0.324876082247329,0.90464539979403,0
0.6438427595328783,-0.4957207849145331,1
1.8382732417147143,-0.025878461153974075,1
2.016445845940913,0.2777580383958935,1
-1.0873355599442585,-0.1020845769482379,0
0.8444115174635197,0.5653663177479585,0
0.2823869376560193,0.9777383807328583,0
-0.8963361775904355,0.5021525587492712,0
1.8046537564598217,0.04877357422623228,1
0.5291255713508892,0.8035364426147398,0
0.05056002393495768,0.3453858377164043,1
1.4550686539675695,-0.3542981417956876,1
0.6780005001738892,-0.4303469393734091,1
-0.8631776517774221,0.6704464150229106,0
0.06010361493191866,0.9498183184353495,0
0.41360677231101745,-0.21358702644918642,1
0.1042981106117912,-0.05229832620706988,1
1.6337632060178193,-0.19563741006637464,1
0.6462837390263683,0.7441160693200697,0
-0.7246198209824742,0.5138675679135839,0
0.37326004237481014,1.006369438326401,0
-0.021891123373737425,0.5670724220128989,1
1.491604964250812,-0.5354693896021795,1
0.86593567256964,0.4410502071377178,0
0.46629079052968325,0.8934980506689914,0
1.777322644273908,0.44278442515327293,1
-0.9405237806010378,0.10319519910878058,0
1.0305164370370874,-0.47708118507785885,1
0.5881599672770232,-0.25237335847385167,1
1.983780779346743,0.06925498080200658,1
-0.01221072237151475,0.19354116308978628,1
-0.05436705380676409,0.9900958823330444,0
0.9395657652266097,-0.5500967245243351,1
0.4607816760226137,0.8815405333953742,0
-0.45295237724604354,1.0190430189108497,0
0.4827722714145674,0.932466223405864,0
-0.11212353273909091,0.9346171659367374,0
1.1347334812214853,-0.5438521616188678,1
1.2851276449807052,-0.3351132785034807,1
1.8591295501819078,0.23196493931728918,1
0.18088921080193998,0.016271626397822137,1
1.4611045102109985,-0.3065103478880665,1
0.3633494569863077,-0.32936505059707966,1
1.0268081805327887,0.05767449059965149,0
0.6827947338381155,-0.6555079310621081,1
0.5634789127085663,-0.33364197673999413,1
1.2286403367104557,-0.36969170440194876,1
-0.05818064881960408,0.31530361912319727,1
0.23693865985688234,0.9008738346433943,0
0.975442415633864,0.4320688985862422,0
0.9132860313716098,-0.5063211208224483,1
0.38082745195250906,-0.38396037684883805,1
0.2651668807703521,0.8510892898264257,0
-0.24805353539315164,0.9520556045455508,0
1.8540125650153203,-0.15280911654906823,1
0.8555142655924652,0.5701811984729451,0
1.2589869086492385,-0.2955090663416392,1
0.3758131408204424,0.8747210446731636,0
-0.008156961817041276,0.2940805274095471,1
1.577345512503146,-0.4298451943295771,1
-0.06567124610289313,0.35757430008006175,1
-0.7842488168535428,0.7936891058604852,0
1.83366506057356,-0.03727987954129333,1
0.44802995302444837,0.9373638364480987,0
1.1263896564451128,0.07863811701614642,0
-0.8869491326144177,0.5257702322933706,0
2.05157898289294,0.39155094985616495,1
0.6847806910671211,0.889396496212074,0
0.8314549662027605,0.4355528995615808,0
1.7590749813453466,-0.2776082371725048,1
-0.2215405814432581,1.0408883679511716,0
0.5856605736131199,-0.43665343574947985,1
0.7652530324493803,0.6644037377736873,0
0.717252363664239,0.5074944995586819,0
0.5297805003518105,-0.28063277760491,1
0.10493629874745346,1.070686364756215,0
0.2956991642291783,-0.34888261659161507,1
1.0306056326095467,0.013982218139017802,0
0.14278501074381333,0.17769473317210896,1
-0.46786527556088797,0.9992282563627779,0
0.4083200200118457,-0.23074932971467646,1
-0.013779039464378928,0.4635026156240182,1
0.6699030320012449,0.6628203210245244,0
0.677292157446067,0.7165636940425181,0
0.9181286311189352,0.09843906973690511,0
0.7598074453443218,-0.5380157961809109,1
2.105937117614213,0.37369667616547153,1
0.7251042556922654,0.6481763592876648,0
0.24072797057738046,0.9883912708329221,0
-0.5964276521327527,0.6999425827293504,0
0.4239238549013215,-0.29772230035394165,1
1.5106952317002598,-0.4798902621847331,1
-0.15701166963841912,0.930594328436546,0
0.9830378244271188,0.4781842713187907,0
1.338809414969407,-0.42419899900428465,1
0.10716287686691243,0.32049997049776463,1
-0.660891479364691,0.7148438530987323,0
2.1552721938864634,0.41962786944992364,1
0.6236526883346716,0.8692834361666578,0
0.13518341201478645,1.037356400167374,0
1.3893865220914399,-0.5867256531552337,1
1.235672934444877,-0.5383861472970132,1
-0.8149175167763297,0.6707143979164573,0
1.6551547173363672,-0.0009260379968441118,1
1.8492232804788347,0.023022107940487188,1
0.7237869716921045,-0.5384768409032497,1
0.49761477112077007,-0.3880283912253264,1
0.39935139962419,0.9137663389757794,0
0.9102869673736382,0.044962370309859945,0
0.8276897735843101,0.45304312706633676,0
0.14348090076057704,0.11226115378416375,1
0.8528137743598018,0.6044443653863971,0
-0.07437670241324618,0.9322391506683881,0
0.08167709789174166,0.282614129027367,1
-0.18555832388912552,0.9165777544889533,0
-0.4753296070332969,0.9003775804294003,0
0.6232506439707639,-0.4746708222164614,1
0.5940861612864359,0.8665178558255526,0
0.8672742475305956,0.242592774562524,0
0.934126504211116,0.5520908742543199,0
1.135861352144881,0.09266376492918206,0
1.9688706487928234,0.4252051222463369,1
1.6629520068462669,-0.28098548461933626,1
2.031399497606515,0.2623753722893847,1
-0.8688050338776914,0.6948609204220553,0
0.18041651459468916,-0.08190468469325973,1
1.1776100640750549,0.03598673749277376,0
1.9978826453143765,0.2858203597587749,1
-0.7503485108320207,0.5858173126308854,0
0.34782695919988077,-0.004029545419606095,1
0.11349470882710552,-0.0461298967708292,1
0.7265287096678494,0.6826007849066591,0
-0.29935917274319984,0.855996376804225,0
1.5883100342159047,-0.13299850332046032,1
1.1971668848793542,-0.45326141326378194,1
0.5246366728730545,-0.5258662509321225,1
-1.073457762856011,0.0781439631585012,0
-0.44281127551801536,0.7357827108630913,0
0.013021560622563797,0.2115273710478366,1
-0.922609503454586,0.37274742027634994,0
-0.8776504851073885,0.22877104773277523,0
0.5226321210322163,0.8748165000111124,0
-0.014892571202983845,1.1333919819013245,0
1.7431416831215099,-0.024905601995712984,1
-0.6970057577289245,0.5584795513871125,0
0.7496772560577396,0.6816855578960075,0
-0.20631348244438702,0.9469787159148795,0
0.8090522084398127,0.5513029216352489,0
0.7016747735464435,-0.36334855354411233,1
0.8709815050633324,0.5298575487957661,0
0.15735124510707527,-0.21722804651372918,1
0.798044346999825,0.6230515583919685,0
0.19826535576155596,0.2207340592075525,1
0.11403746980180637,1.0477516360611627,0
-0.7104028375422726,0.6909764562054139,0
1.8275089682159473,-0.026406024485106497,1
-0.702350819055369,0.6571743134582603,0
0.025068796095696233,0.9835942629225339,0
0.005081598630767861,0.22456200091045772,1
0.7169387227337102,0.4775249210221187,0
1.7293964491830451,-0.2633145396923818,1
-1.0241852939650553,0.0997465499008987,0
-0.985890747016663,0.13532404354958535,0
0.060228268836548714,1.1566900158759672,0
0.22387232431604023,-0.20662145210077748,1
0.7205606667695656,0.7742267773337734,0
0.682887439988812,0.5593917583207565,0
0.48572044782874785,0.7132100747473655,0
0.34602876049883446,-0.1951489551978291,1
-0.5513568549539543,0.7864524239883927,0
-1.034210625032844,0.17343768507775936,0
0.5189441157472883,0.7715898930007112,0
-0.06301560735260249,1.1135451629878477,0
1.6810941143445493,-0.14682392162364066,1
0.0673193151973589,1.0869598242222156,0
0.5304945222198312,-0.4516923368265949,1
0.09478246465302173,-0.19589207712781834,1
1.3682247692761706,-0.5124797750876957,1
-0.32660085435163677,0.8912846311166971,0
-0.3890196038016847,0.8563569247620387,0
0.600614179699226,-0.40914899741409805,1
1.4611849161990929,-0.3574625369317813,1
-0.9387539817019999,0.25843659974583605,0
-0.4128779625042752,0.7440346732628988,0
-0.9086961152272692,0.473390792287949,0
-0.09078492099566295,0.3333394982483293,1
0.5848223272487885,0.6950842422474213,0
-0.7339110833571982,0.8530394214192949,0
0.30315155225562884,-0.24680833514664577,1
2.0332656653216,0.5710029733443984,1
1.8400532792573114,0.08063344492977466,1
0.887312668023966,-0.6105066705903544,1
-1.1157457245159796,0.29060619216157696,0
0.8941453976702252,0.4373014956219514,0
0.49370445926966766,-0.5419143097973108,1
1.6283007168771302,-0.4157067677494408,1
0.6841899712649574,0.9286796503072166,0
-0.08907053290940621,0.44002351267352713,1
1.9664182864526183,0.14644379375670252,1
1.3023129325956821,-0.35699545949352024,1
-1.0362268202784228,0.30106281719197464,0
1.0488176002558733,0.03210283239907823,0
0.8073220497013304,-0.48818862570074645,1
-0.7374059238382566,0.544323564081306,0
-0.11005797974177736,1.003659522157866,0
0.2595609325289886,-0.21593492003367828,1
0.9844123327056271,0.05191463540117762,0
1.059112970216591,-0.48925533964506057,1
1.3661205069238036,-0.27947750439064417,1
1.9226521781701091,0.18405914497662812,1
0.08641429893749669,0.03950241428697701,1
-0.4554619385062828,0.8471651205778519,0
2.0991353177791803,0.19253674303956667,1
0.26018226835621,-0.3175599186035455,1
1.64708478641198,-0.2851314337480061,1
-0.17385000415451668,1.0075070084119226,0
0.2545296337172689,0.956362301515861,0
0.9717740551068729,0.3930480895782044,0
0.957224347306936,-0.5629106657849434,1
-1.0291069132391677,0.4507987732717778,0
-0.026791431808295782,0.5042261253135364,1
0.003025754420463829,0.14242128851357358,1
2.085208709141834,0.3199746548106783,1
0.10226339147218211,0.11365548937652309,1
-0.4646559508072257,0.8363563597365378,0
1.9682239354655704,0.29706734651917216,1
0.8150785818963828,-0.46012199241738333,1
-0.9917801206069967,0.15736435364414256,0
-0.10041843102744812,1.0272607722235276,0
1.8746521736622943,-0.22676218228438438,1
0.8843310039961033,-0.4509824960097849,1
0.13033421313243618,-0.19662213853572452,1
0.7583403974877871,-0.49459548826332494,1
1.4767080390618297,-0.2753796191141829,1
2.1045489888265183,0.4395134916332174,1
0.7205131175839414,0.7588776697157076,0
0.4233550089653533,0.8388516015504603,0
0.9347900932850706,-0.45791525392877436,1
1.9395237252446824,0.002737342571266295,1
0.9114054890102851,0.15101333800562483,0
0.7283866605358994,-0.5689565695420025,1
-0.7191218851623071,0.6624596178317763,0
-0.6264041340699285,0.7629579200433722,0
-0.8922105073687281,0.20646978680288547,0
-0.96020289638453,0.10308686875275008,0
1.4598616728890375,-0.36026088929633227,1
0.07997811078312644,1.0528401320593306,0
1.1839761878548842,-0.473307789984068,1
1.0756974173466487,-0.49018323972792627,1
0.9538404381182788,-0.5259005438827346,1
-0.8688218821946592,0.45779804180013506,0
-0.9536100432152159,0.5743037258960985,0
-0.5658122952081936,0.8572488607080158,0
1.2731957553283968,-0.4976009968619943,1
-0.8129233312354648,0.5007672937834949,0
-0.7699948730483102,0.6880656693449202,0
-1.0217545353114217,0.16275754694579483,0
1.8254406818508349,0.006885039668556773,1
0.13608394964927145,-0.15424284977819802,1
1.7981367041447838,-0.20002053106477796,1
-0.19090552524519502,1.1124633054138817,0
1.750027194677016,-0.30779198225280235,1
1.023605640016533,0.37851256184872306,0
2.0463723096007254,0.2801997845225661,1
-1.0455916943221375,0.07699682570070304,0
1.1422943712435238,-0.4705184409289517,1
0.013421699787049482,0.43861830229167936,1
-0.35272650763699737,1.0011850504559907,0
